Model,MAE,RMSE,R2
SVR,9.216188518318512,11.41185374015655,0.8215410677811236
XGB,9.4437249,12.981022555348043,0.7690894873827275
RF,9.151000000000002,13.27290209411642,0.7585886536485097
