Model,MAE,RMSE,R2
RF,9.151000000000002,13.27290209411642,0.7585886536485097
XGB,9.260216799999998,13.539032832536359,0.7488106748331655
