Model,MAE,RMSE,R2
XGB,1015479.1666732338,12046707.696613872,0.6139827466794259
