Model,MAE,RMSE,R2
RF,163537.00966966967,532195.391836501,0.9959554732983736
XGB,319541.33918018016,2936978.173379678,0.876823764977369
